;;FR Base FR Base;FR Base FR Base;FR Base FR Base;FR Base FR Base;;;;;;;;;;;;;;
Date;Nature relève;Consommation (kWh);Index;Consommation (kWh);Index;;;;;;;;;;;;;;
26-09-2024;evt réelle;8;5 000;;;;;;;;;;;;;;;;
27-09-2024;estimée;7;5 008;;;;;;;;;;;;;;;;
28-09-2024;evt réelle;9;5 015;;;;;;;;;;;;;;;;
29-09-2024;evt réelle;6;5 024;;;;;;;;;;;;;;;;
30-09-2024;evt réelle;6;5 030;;;;;;;;;;;;;;;;
01-10-2024;estimée;6;5 036;;;;;;;;;;;;;;;;
02-10-2024;evt réelle;5;5 042;;;;;;;;;;;;;;;;
03-10-2024;evt réelle;10;5 047;;;;;;;;;;;;;;;;
04-10-2024;evt réelle;6;5 057;;;;;;;;;;;;;;;;
05-10-2024;estimée;9;5 063;;;;;;;;;;;;;;;;
06-10-2024;estimée;12;5 072;;;;;;;;;;;;;;;;
07-10-2024;evt réelle;9;5 084;;;;;;;;;;;;;;;;
08-10-2024;evt réelle;10;5 093;;;;;;;;;;;;;;;;
09-10-2024;evt réelle;7;5 103;;;;;;;;;;;;;;;;
10-10-2024;estimée;10;5 110;;;;;;;;;;;;;;;;
11-10-2024;estimée;9;5 120;;;;;;;;;;;;;;;;
12-10-2024;evt réelle;13;5 129;;;;;;;;;;;;;;;;
13-10-2024;estimée;10;5 142;;;;;;;;;;;;;;;;
14-10-2024;evt réelle;10;5 152;;;;;;;;;;;;;;;;
15-10-2024;evt réelle;6;5 162;;;;;;;;;;;;;;;;
16-10-2024;evt réelle;10;5 168;;;;;;;;;;;;;;;;
17-10-2024;evt réelle;7;5 178;;;;;;;;;;;;;;;;
18-10-2024;evt réelle;11;5 185;;;;;;;;;;;;;;;;
19-10-2024;evt réelle;14;5 196;;;;;;;;;;;;;;;;
20-10-2024;evt réelle;9;5 210;;;;;;;;;;;;;;;;
21-10-2024;evt réelle;9;5 219;;;;;;;;;;;;;;;;
22-10-2024;evt réelle;11;5 228;;;;;;;;;;;;;;;;
23-10-2024;evt réelle;8;5 239;;;;;;;;;;;;;;;;
24-10-2024;evt réelle;7;5 247;;;;;;;;;;;;;;;;
25-10-2024;evt réelle;11;5 254;;;;;;;;;;;;;;;;
26-10-2024;evt réelle;10;5 265;;;;;;;;;;;;;;;;
27-10-2024;evt réelle;12;5 275;;;;;;;;;;;;;;;;
28-10-2024;evt réelle;12;5 287;;;;;;;;;;;;;;;;
29-10-2024;estimée;14;5 299;;;;;;;;;;;;;;;;
30-10-2024;evt réelle;9;5 313;;;;;;;;;;;;;;;;
31-10-2024;evt réelle;15;5 322;;;;;;;;;;;;;;;;
01-11-2024;evt réelle;8;5 337;;;;;;;;;;;;;;;;
02-11-2024;evt réelle;12;5 345;;;;;;;;;;;;;;;;
03-11-2024;evt réelle;13;5 357;;;;;;;;;;;;;;;;
04-11-2024;evt réelle;13;5 370;;;;;;;;;;;;;;;;
05-11-2024;evt réelle;14;5 383;;;;;;;;;;;;;;;;
06-11-2024;evt réelle;13;5 397;;;;;;;;;;;;;;;;
07-11-2024;evt réelle;12;5 410;;;;;;;;;;;;;;;;
08-11-2024;estimée;14;5 422;;;;;;;;;;;;;;;;
09-11-2024;evt réelle;13;5 436;;;;;;;;;;;;;;;;
10-11-2024;evt réelle;14;5 449;;;;;;;;;;;;;;;;
11-11-2024;estimée;8;5 463;;;;;;;;;;;;;;;;
12-11-2024;estimée;11;5 471;;;;;;;;;;;;;;;;
13-11-2024;estimée;13;5 482;;;;;;;;;;;;;;;;
14-11-2024;evt réelle;10;5 495;;;;;;;;;;;;;;;;
15-11-2024;estimée;11;5 505;;;;;;;;;;;;;;;;
16-11-2024;evt réelle;14;5 516;;;;;;;;;;;;;;;;
17-11-2024;estimée;14;5 530;;;;;;;;;;;;;;;;
18-11-2024;evt réelle;12;5 544;;;;;;;;;;;;;;;;
19-11-2024;estimée;12;5 556;;;;;;;;;;;;;;;;
20-11-2024;estimée;16;5 568;;;;;;;;;;;;;;;;
21-11-2024;estimée;12;5 584;;;;;;;;;;;;;;;;
22-11-2024;estimée;11;5 596;;;;;;;;;;;;;;;;
23-11-2024;evt réelle;14;5 607;;;;;;;;;;;;;;;;
24-11-2024;evt réelle;15;5 621;;;;;;;;;;;;;;;;
25-11-2024;evt réelle;13;5 636;;;;;;;;;;;;;;;;
26-11-2024;evt réelle;12;5 649;;;;;;;;;;;;;;;;
27-11-2024;estimée;10;5 661;;;;;;;;;;;;;;;;
28-11-2024;evt réelle;14;5 671;;;;;;;;;;;;;;;;
29-11-2024;evt réelle;13;5 685;;;;;;;;;;;;;;;;
30-11-2024;evt réelle;11;5 698;;;;;;;;;;;;;;;;
01-12-2024;evt réelle;15;5 709;;;;;;;;;;;;;;;;
02-12-2024;evt réelle;16;5 724;;;;;;;;;;;;;;;;
03-12-2024;estimée;9;5 740;;;;;;;;;;;;;;;;
04-12-2024;estimée;15;5 749;;;;;;;;;;;;;;;;
05-12-2024;evt réelle;12;5 764;;;;;;;;;;;;;;;;
06-12-2024;estimée;15;5 776;;;;;;;;;;;;;;;;
07-12-2024;evt réelle;15;5 791;;;;;;;;;;;;;;;;
08-12-2024;evt réelle;18;5 806;;;;;;;;;;;;;;;;
09-12-2024;estimée;13;5 824;;;;;;;;;;;;;;;;
10-12-2024;estimée;13;5 837;;;;;;;;;;;;;;;;
11-12-2024;estimée;14;5 850;;;;;;;;;;;;;;;;
12-12-2024;evt réelle;15;5 864;;;;;;;;;;;;;;;;
13-12-2024;evt réelle;19;5 879;;;;;;;;;;;;;;;;
14-12-2024;evt réelle;15;5 898;;;;;;;;;;;;;;;;
15-12-2024;estimée;14;5 913;;;;;;;;;;;;;;;;
16-12-2024;evt réelle;15;5 927;;;;;;;;;;;;;;;;
17-12-2024;evt réelle;15;5 942;;;;;;;;;;;;;;;;
18-12-2024;estimée;11;5 957;;;;;;;;;;;;;;;;
19-12-2024;evt réelle;14;5 968;;;;;;;;;;;;;;;;
20-12-2024;estimée;14;5 982;;;;;;;;;;;;;;;;
21-12-2024;evt réelle;18;5 996;;;;;;;;;;;;;;;;
22-12-2024;estimée;18;6 014;;;;;;;;;;;;;;;;
23-12-2024;estimée;15;6 032;;;;;;;;;;;;;;;;
24-12-2024;estimée;16;6 047;;;;;;;;;;;;;;;;
25-12-2024;evt réelle;13;6 063;;;;;;;;;;;;;;;;
26-12-2024;evt réelle;15;6 076;;;;;;;;;;;;;;;;
27-12-2024;estimée;19;6 091;;;;;;;;;;;;;;;;
28-12-2024;evt réelle;13;6 110;;;;;;;;;;;;;;;;
29-12-2024;evt réelle;14;6 123;;;;;;;;;;;;;;;;
30-12-2024;estimée;14;6 137;;;;;;;;;;;;;;;;
31-12-2024;evt réelle;13;6 151;;;;;;;;;;;;;;;;
01-01-2025;estimée;15;6 164;;;;;;;;;;;;;;;;
02-01-2025;evt réelle;13;6 179;;;;;;;;;;;;;;;;
03-01-2025;evt réelle;17;6 192;;;;;;;;;;;;;;;;
04-01-2025;evt réelle;15;6 209;;;;;;;;;;;;;;;;
05-01-2025;evt réelle;22;6 224;;;;;;;;;;;;;;;;
06-01-2025;estimée;14;6 246;;;;;;;;;;;;;;;;
07-01-2025;evt réelle;14;6 260;;;;;;;;;;;;;;;;
08-01-2025;evt réelle;15;6 274;;;;;;;;;;;;;;;;
09-01-2025;evt réelle;15;6 289;;;;;;;;;;;;;;;;
10-01-2025;evt réelle;14;6 304;;;;;;;;;;;;;;;;
11-01-2025;evt réelle;17;6 318;;;;;;;;;;;;;;;;
12-01-2025;estimée;16;6 335;;;;;;;;;;;;;;;;
13-01-2025;evt réelle;17;6 351;;;;;;;;;;;;;;;;
14-01-2025;estimée;15;6 368;;;;;;;;;;;;;;;;
15-01-2025;evt réelle;14;6 383;;;;;;;;;;;;;;;;
16-01-2025;evt réelle;12;6 397;;;;;;;;;;;;;;;;
17-01-2025;evt réelle;16;6 409;;;;;;;;;;;;;;;;
18-01-2025;estimée;17;6 425;;;;;;;;;;;;;;;;
19-01-2025;evt réelle;17;6 442;;;;;;;;;;;;;;;;
20-01-2025;evt réelle;18;6 459;;;;;;;;;;;;;;;;
21-01-2025;estimée;14;6 477;;;;;;;;;;;;;;;;
22-01-2025;evt réelle;16;6 491;;;;;;;;;;;;;;;;
23-01-2025;evt réelle;12;6 507;;;;;;;;;;;;;;;;
24-01-2025;evt réelle;12;6 519;;;;;;;;;;;;;;;;
25-01-2025;estimée;17;6 531;;;;;;;;;;;;;;;;
26-01-2025;evt réelle;12;6 548;;;;;;;;;;;;;;;;
27-01-2025;evt réelle;16;6 560;;;;;;;;;;;;;;;;
28-01-2025;evt réelle;16;6 576;;;;;;;;;;;;;;;;
29-01-2025;estimée;13;6 592;;;;;;;;;;;;;;;;
30-01-2025;evt réelle;15;6 605;;;;;;;;;;;;;;;;
31-01-2025;evt réelle;17;6 620;;;;;;;;;;;;;;;;
01-02-2025;evt réelle;13;6 637;;;;;;;;;;;;;;;;
02-02-2025;estimée;14;6 650;;;;;;;;;;;;;;;;
03-02-2025;evt réelle;16;6 664;;;;;;;;;;;;;;;;
04-02-2025;evt réelle;15;6 680;;;;;;;;;;;;;;;;
05-02-2025;estimée;18;6 695;;;;;;;;;;;;;;;;
06-02-2025;evt réelle;17;6 713;;;;;;;;;;;;;;;;
07-02-2025;evt réelle;16;6 730;;;;;;;;;;;;;;;;
08-02-2025;estimée;17;6 746;;;;;;;;;;;;;;;;
09-02-2025;evt réelle;15;6 763;;;;;;;;;;;;;;;;
10-02-2025;evt réelle;13;6 778;;;;;;;;;;;;;;;;
11-02-2025;estimée;10;6 791;;;;;;;;;;;;;;;;
12-02-2025;evt réelle;13;6 801;;;;;;;;;;;;;;;;
13-02-2025;estimée;11;6 814;;;;;;;;;;;;;;;;
14-02-2025;estimée;14;6 825;;;;;;;;;;;;;;;;
15-02-2025;evt réelle;13;6 839;;;;;;;;;;;;;;;;
16-02-2025;evt réelle;17;6 852;;;;;;;;;;;;;;;;
17-02-2025;evt réelle;15;6 869;;;;;;;;;;;;;;;;
18-02-2025;estimée;12;6 884;;;;;;;;;;;;;;;;
19-02-2025;evt réelle;17;6 896;;;;;;;;;;;;;;;;
20-02-2025;evt réelle;15;6 913;;;;;;;;;;;;;;;;
21-02-2025;estimée;12;6 928;;;;;;;;;;;;;;;;
22-02-2025;evt réelle;15;6 940;;;;;;;;;;;;;;;;
23-02-2025;evt réelle;18;6 955;;;;;;;;;;;;;;;;
24-02-2025;evt réelle;13;6 973;;;;;;;;;;;;;;;;
25-02-2025;evt réelle;12;6 986;;;;;;;;;;;;;;;;
26-02-2025;evt réelle;17;6 998;;;;;;;;;;;;;;;;
27-02-2025;evt réelle;15;7 015;;;;;;;;;;;;;;;;
28-02-2025;evt réelle;13;7 030;;;;;;;;;;;;;;;;
01-03-2025;evt réelle;13;7 043;;;;;;;;;;;;;;;;
02-03-2025;evt réelle;10;7 056;;;;;;;;;;;;;;;;
03-03-2025;estimée;11;7 066;;;;;;;;;;;;;;;;
04-03-2025;evt réelle;14;7 077;;;;;;;;;;;;;;;;
05-03-2025;evt réelle;14;7 091;;;;;;;;;;;;;;;;
06-03-2025;evt réelle;13;7 105;;;;;;;;;;;;;;;;
07-03-2025;evt réelle;10;7 118;;;;;;;;;;;;;;;;
08-03-2025;evt réelle;12;7 128;;;;;;;;;;;;;;;;
09-03-2025;estimée;16;7 140;;;;;;;;;;;;;;;;
10-03-2025;estimée;10;7 156;;;;;;;;;;;;;;;;
11-03-2025;evt réelle;12;7 166;;;;;;;;;;;;;;;;
12-03-2025;evt réelle;12;7 178;;;;;;;;;;;;;;;;
13-03-2025;estimée;11;7 190;;;;;;;;;;;;;;;;
14-03-2025;estimée;11;7 201;;;;;;;;;;;;;;;;
15-03-2025;evt réelle;;;13;7 212;;;;;;;;;;;;;;
16-03-2025;evt réelle;;;14;7 225;;;;;;;;;;;;;;
17-03-2025;estimée;;;15;7 239;;;;;;;;;;;;;;
18-03-2025;evt réelle;;;13;7 254;;;;;;;;;;;;;;
19-03-2025;evt réelle;;;13;7 267;;;;;;;;;;;;;;
20-03-2025;evt réelle;;;10;7 280;;;;;;;;;;;;;;
21-03-2025;evt réelle;;;12;7 290;;;;;;;;;;;;;;
22-03-2025;estimée;;;16;7 302;;;;;;;;;;;;;;
23-03-2025;estimée;;;14;7 318;;;;;;;;;;;;;;
24-03-2025;evt réelle;;;11;7 332;;;;;;;;;;;;;;
25-03-2025;evt réelle;;;10;7 343;;;;;;;;;;;;;;
26-03-2025;evt réelle;;;14;7 353;;;;;;;;;;;;;;
27-03-2025;evt réelle;;;13;7 367;;;;;;;;;;;;;;
28-03-2025;evt réelle;;;13;7 380;;;;;;;;;;;;;;
29-03-2025;evt réelle;;;13;7 393;;;;;;;;;;;;;;
30-03-2025;evt réelle;;;13;7 406;;;;;;;;;;;;;;
31-03-2025;evt réelle;;;10;7 419;;;;;;;;;;;;;;
01-04-2025;evt réelle;;;13;7 429;;;;;;;;;;;;;;
02-04-2025;evt réelle;;;12;7 442;;;;;;;;;;;;;;
03-04-2025;evt réelle;;;10;7 454;;;;;;;;;;;;;;
04-04-2025;evt réelle;;;7;7 464;;;;;;;;;;;;;;
05-04-2025;estimée;;;11;7 471;;;;;;;;;;;;;;
06-04-2025;evt réelle;;;11;7 482;;;;;;;;;;;;;;
07-04-2025;evt réelle;;;14;7 493;;;;;;;;;;;;;;
08-04-2025;evt réelle;;;8;7 507;;;;;;;;;;;;;;
09-04-2025;estimée;;;13;7 515;;;;;;;;;;;;;;
10-04-2025;evt réelle;;;9;7 528;;;;;;;;;;;;;;
11-04-2025;evt réelle;;;12;7 537;;;;;;;;;;;;;;
12-04-2025;evt réelle;;;11;7 549;;;;;;;;;;;;;;
13-04-2025;estimée;;;11;7 560;;;;;;;;;;;;;;
14-04-2025;evt réelle;;;10;7 571;;;;;;;;;;;;;;
15-04-2025;evt réelle;;;12;7 581;;;;;;;;;;;;;;
16-04-2025;estimée;;;11;7 593;;;;;;;;;;;;;;
17-04-2025;evt réelle;;;8;7 604;;;;;;;;;;;;;;
18-04-2025;evt réelle;;;12;7 612;;;;;;;;;;;;;;
19-04-2025;estimée;;;12;7 624;;;;;;;;;;;;;;
20-04-2025;evt réelle;;;10;7 636;;;;;;;;;;;;;;
21-04-2025;evt réelle;;;14;7 646;;;;;;;;;;;;;;
22-04-2025;evt réelle;;;6;7 660;;;;;;;;;;;;;;
23-04-2025;evt réelle;;;6;7 666;;;;;;;;;;;;;;
24-04-2025;estimée;;;9;7 672;;;;;;;;;;;;;;
25-04-2025;evt réelle;;;10;7 681;;;;;;;;;;;;;;
26-04-2025;evt réelle;;;8;7 691;;;;;;;;;;;;;;
27-04-2025;estimée;;;13;7 699;;;;;;;;;;;;;;
28-04-2025;evt réelle;;;8;7 712;;;;;;;;;;;;;;
29-04-2025;evt réelle;;;7;7 720;;;;;;;;;;;;;;
30-04-2025;evt réelle;;;12;7 727;;;;;;;;;;;;;;
01-05-2025;evt réelle;;;5;7 739;;;;;;;;;;;;;;
02-05-2025;evt réelle;;;12;7 744;;;;;;;;;;;;;;
03-05-2025;evt réelle;;;9;7 756;;;;;;;;;;;;;;
04-05-2025;evt réelle;;;13;7 765;;;;;;;;;;;;;;
05-05-2025;evt réelle;;;7;7 778;;;;;;;;;;;;;;
06-05-2025;estimée;;;6;7 785;;;;;;;;;;;;;;
07-05-2025;evt réelle;;;6;7 791;;;;;;;;;;;;;;
08-05-2025;evt réelle;;;10;7 797;;;;;;;;;;;;;;
09-05-2025;evt réelle;;;12;7 807;;;;;;;;;;;;;;
10-05-2025;evt réelle;;;10;7 819;;;;;;;;;;;;;;
11-05-2025;evt réelle;;;8;7 829;;;;;;;;;;;;;;
12-05-2025;estimée;;;9;7 837;;;;;;;;;;;;;;
13-05-2025;evt réelle;;;8;7 846;;;;;;;;;;;;;;
14-05-2025;evt réelle;;;10;7 854;;;;;;;;;;;;;;
15-05-2025;evt réelle;;;5;7 864;;;;;;;;;;;;;;
16-05-2025;evt réelle;;;8;7 869;;;;;;;;;;;;;;
17-05-2025;evt réelle;;;12;7 877;;;;;;;;;;;;;;
18-05-2025;estimée;;;8;7 889;;;;;;;;;;;;;;
19-05-2025;evt réelle;;;6;7 897;;;;;;;;;;;;;;
20-05-2025;evt réelle;;;8;7 903;;;;;;;;;;;;;;
21-05-2025;estimée;;;7;7 911;;;;;;;;;;;;;;
22-05-2025;estimée;;;5;7 918;;;;;;;;;;;;;;
23-05-2025;evt réelle;;;7;7 923;;;;;;;;;;;;;;
24-05-2025;estimée;;;8;7 930;;;;;;;;;;;;;;
25-05-2025;evt réelle;;;11;7 938;;;;;;;;;;;;;;
26-05-2025;evt réelle;;;6;7 949;;;;;;;;;;;;;;
27-05-2025;estimée;;;6;7 955;;;;;;;;;;;;;;
28-05-2025;evt réelle;;;3;7 961;;;;;;;;;;;;;;
29-05-2025;estimée;;;8;7 964;;;;;;;;;;;;;;
30-05-2025;evt réelle;;;7;7 972;;;;;;;;;;;;;;
31-05-2025;evt réelle;;;6;7 979;;;;;;;;;;;;;;
01-06-2025;evt réelle;;;2;7 985;;;;;;;;;;;;;;
02-06-2025;evt réelle;;;10;7 987;;;;;;;;;;;;;;
03-06-2025;evt réelle;;;NC;7 997;;;;;;;;;;;;;;
04-06-2025;evt réelle;;;NC;8 002;;;;;;;;;;;;;;
05-06-2025;evt réelle;;;4;8 007;;;;;;;;;;;;;;
06-06-2025;evt réelle;;;4;8 011;;;;;;;;;;;;;;
07-06-2025;evt réelle;;;8;8 015;;;;;;;;;;;;;;
08-06-2025;evt réelle;;;5;8 023;;;;;;;;;;;;;;
09-06-2025;evt réelle;;;6;8 028;;;;;;;;;;;;;;
10-06-2025;evt réelle;;;6;8 034;;;;;;;;;;;;;;
11-06-2025;estimée;;;8;8 040;;;;;;;;;;;;;;
12-06-2025;evt réelle;;;4;8 048;;;;;;;;;;;;;;
13-06-2025;estimée;;;4;8 052;;;;;;;;;;;;;;
14-06-2025;estimée;;;10;8 056;;;;;;;;;;;;;;
15-06-2025;estimée;;;6;8 066;;;;;;;;;;;;;;
16-06-2025;estimée;;;6;8 072;;;;;;;;;;;;;;
17-06-2025;evt réelle;;;9;8 078;;;;;;;;;;;;;;
18-06-2025;evt réelle;;;8;8 087;;;;;;;;;;;;;;
19-06-2025;estimée;;;6;8 095;;;;;;;;;;;;;;
20-06-2025;evt réelle;;;4;8 101;;;;;;;;;;;;;;
21-06-2025;evt réelle;;;8;8 105;;;;;;;;;;;;;;
22-06-2025;estimée;;;8;8 113;;;;;;;;;;;;;;
23-06-2025;estimée;;;8;8 121;;;;;;;;;;;;;;
24-06-2025;evt réelle;;;3;8 129;;;;;;;;;;;;;;
25-06-2025;evt réelle;;;5;8 132;;;;;;;;;;;;;;
26-06-2025;evt réelle;;;4;8 137;;;;;;;;;;;;;;
27-06-2025;estimée;;;5;8 141;;;;;;;;;;;;;;
28-06-2025;estimée;;;7;8 146;;;;;;;;;;;;;;
29-06-2025;estimée;;;6;8 153;;;;;;;;;;;;;;
30-06-2025;evt réelle;;;6;8 159;;;;;;;;;;;;;;
01-07-2025;evt réelle;;;7;8 165;;;;;;;;;;;;;;
02-07-2025;evt réelle;;;3;8 172;;;;;;;;;;;;;;
03-07-2025;evt réelle;;;5;8 175;;;;;;;;;;;;;;
04-07-2025;evt réelle;;;5;8 180;;;;;;;;;;;;;;
05-07-2025;evt réelle;;;6;8 185;;;;;;;;;;;;;;
06-07-2025;estimée;;;8;8 191;;;;;;;;;;;;;;
07-07-2025;evt réelle;;;2;8 199;;;;;;;;;;;;;;
08-07-2025;evt réelle;;;5;8 201;;;;;;;;;;;;;;
09-07-2025;evt réelle;;;2;8 206;;;;;;;;;;;;;;
10-07-2025;estimée;;;3;8 208;;;;;;;;;;;;;;
11-07-2025;evt réelle;;;6;8 211;;;;;;;;;;;;;;
12-07-2025;evt réelle;;;5;8 217;;;;;;;;;;;;;;
13-07-2025;evt réelle;;;5;8 222;;;;;;;;;;;;;;
14-07-2025;evt réelle;;;4;8 227;;;;;;;;;;;;;;
15-07-2025;estimée;;;5;8 231;;;;;;;;;;;;;;
16-07-2025;evt réelle;;;6;8 236;;;;;;;;;;;;;;
17-07-2025;evt réelle;;;4;8 242;;;;;;;;;;;;;;
18-07-2025;evt réelle;;;1;8 246;;;;;;;;;;;;;;
19-07-2025;estimée;;;6;8 247;;;;;;;;;;;;;;
20-07-2025;evt réelle;;;2;8 253;;;;;;;;;;;;;;
21-07-2025;evt réelle;;;5;8 255;;;;;;;;;;;;;;
22-07-2025;estimée;;;4;8 260;;;;;;;;;;;;;;
23-07-2025;evt réelle;;;3;8 264;;;;;;;;;;;;;;
24-07-2025;evt réelle;;;4;8 267;;;;;;;;;;;;;;
25-07-2025;evt réelle;;;6;8 271;;;;;;;;;;;;;;
26-07-2025;estimée;;;4;8 277;;;;;;;;;;;;;;
27-07-2025;estimée;;;7;8 281;;;;;;;;;;;;;;
28-07-2025;estimée;;;1;8 288;;;;;;;;;;;;;;
29-07-2025;evt réelle;;;2;8 289;;;;;;;;;;;;;;
30-07-2025;evt réelle;;;3;8 291;;;;;;;;;;;;;;
31-07-2025;evt réelle;;;1;8 294;;;;;;;;;;;;;;
01-08-2025;evt réelle;;;5;8 295;;;;;;;;;;;;;;
02-08-2025;estimée;;;5;8 300;;;;;;;;;;;;;;
03-08-2025;evt réelle;;;4;8 305;;;;;;;;;;;;;;
04-08-2025;estimée;;;3;8 309;;;;;;;;;;;;;;
05-08-2025;evt réelle;;;6;8 312;;;;;;;;;;;;;;
06-08-2025;evt réelle;;;5;8 318;;;;;;;;;;;;;;
07-08-2025;evt réelle;;;4;8 323;;;;;;;;;;;;;;
08-08-2025;evt réelle;;;5;8 327;;;;;;;;;;;;;;
09-08-2025;evt réelle;;;4;8 332;;;;;;;;;;;;;;
10-08-2025;evt réelle;;;4;8 336;;;;;;;;;;;;;;
11-08-2025;estimée;;;5;8 340;;;;;;;;;;;;;;
12-08-2025;estimée;;;3;8 345;;;;;;;;;;;;;;
13-08-2025;evt réelle;;;5;8 348;;;;;;;;;;;;;;
14-08-2025;evt réelle;;;4;8 353;;;;;;;;;;;;;;
15-08-2025;evt réelle;;;6;8 357;;;;;;;;;;;;;;
16-08-2025;evt réelle;;;7;8 363;;;;;;;;;;;;;;
17-08-2025;evt réelle;;;9;8 370;;;;;;;;;;;;;;
18-08-2025;evt réelle;;;4;8 379;;;;;;;;;;;;;;
19-08-2025;estimée;;;3;8 383;;;;;;;;;;;;;;
20-08-2025;evt réelle;;;5;8 386;;;;;;;;;;;;;;
21-08-2025;evt réelle;;;5;8 391;;;;;;;;;;;;;;
22-08-2025;estimée;;;4;8 396;;;;;;;;;;;;;;
23-08-2025;estimée;;;8;8 400;;;;;;;;;;;;;;
24-08-2025;evt réelle;;;5;8 408;;;;;;;;;;;;;;
25-08-2025;evt réelle;;;7;8 413;;;;;;;;;;;;;;
26-08-2025;evt réelle;;;8;8 420;;;;;;;;;;;;;;
27-08-2025;estimée;;;5;8 428;;;;;;;;;;;;;;
28-08-2025;estimée;;;4;8 433;;;;;;;;;;;;;;
29-08-2025;estimée;;;4;8 437;;;;;;;;;;;;;;
30-08-2025;evt réelle;;;9;8 441;;;;;;;;;;;;;;
31-08-2025;evt réelle;;;5;8 450;;;;;;;;;;;;;;
01-09-2025;evt réelle;;;6;8 455;;;;;;;;;;;;;;
02-09-2025;estimée;;;5;8 461;;;;;;;;;;;;;;
03-09-2025;evt réelle;;;7;8 466;;;;;;;;;;;;;;
04-09-2025;evt réelle;;;5;8 473;;;;;;;;;;;;;;
05-09-2025;evt réelle;;;3;8 478;;;;;;;;;;;;;;
06-09-2025;evt réelle;;;5;8 481;;;;;;;;;;;;;;
07-09-2025;estimée;;;7;8 486;;;;;;;;;;;;;;
08-09-2025;evt réelle;;;7;8 493;;;;;;;;;;;;;;
09-09-2025;estimée;;;4;8 500;;;;;;;;;;;;;;
10-09-2025;evt réelle;;;5;8 504;;;;;;;;;;;;;;
11-09-2025;evt réelle;;;4;8 509;;;;;;;;;;;;;;
12-09-2025;evt réelle;;;8;8 513;;;;;;;;;;;;;;
13-09-2025;estimée;;;8;8 521;;;;;;;;;;;;;;
14-09-2025;evt réelle;;;10;8 529;;;;;;;;;;;;;;
15-09-2025;estimée;;;9;8 539;;;;;;;;;;;;;;
16-09-2025;estimée;;;5;8 548;;;;;;;;;;;;;;
17-09-2025;evt réelle;;;5;8 553;;;;;;;;;;;;;;
18-09-2025;estimée;;;8;8 558;;;;;;;;;;;;;;
19-09-2025;evt réelle;;;3;8 566;;;;;;;;;;;;;;
20-09-2025;evt réelle;;;8;8 569;;;;;;;;;;;;;;
21-09-2025;evt réelle;;;8;8 577;;;;;;;;;;;;;;
22-09-2025;estimée;;;5;8 585;;;;;;;;;;;;;;
23-09-2025;evt réelle;;;8;8 590;;;;;;;;;;;;;;
24-09-2025;evt réelle;;;8;8 598;;;;;;;;;;;;;;
25-09-2025;evt réelle;;;5;8 606;;;;;;;;;;;;;;
26-09-2025;evt réelle;;;5;8 611;;;;;;;;;;;;;;
27-09-2025;estimée;;;8;8 616;;;;;;;;;;;;;;
28-09-2025;evt réelle;;;9;8 624;;;;;;;;;;;;;;
29-09-2025;evt réelle;;;9;8 633;;;;;;;;;;;;;;
30-09-2025;evt réelle;;;9;8 642;;;;;;;;;;;;;;
01-10-2025;evt réelle;;;9;8 651;;;;;;;;;;;;;;
02-10-2025;evt réelle;;;7;8 660;;;;;;;;;;;;;;
03-10-2025;evt réelle;;;7;8 667;;;;;;;;;;;;;;
04-10-2025;evt réelle;;;9;8 674;;;;;;;;;;;;;;
05-10-2025;evt réelle;;;12;8 683;;;;;;;;;;;;;;
06-10-2025;evt réelle;;;7;8 695;;;;;;;;;;;;;;
07-10-2025;evt réelle;;;3;8 702;;;;;;;;;;;;;;
08-10-2025;estimée;;;8;8 705;;;;;;;;;;;;;;
09-10-2025;evt réelle;;;9;8 713;;;;;;;;;;;;;;
10-10-2025;evt réelle;;;8;8 722;;;;;;;;;;;;;;
11-10-2025;evt réelle;;;9;8 730;;;;;;;;;;;;;;
12-10-2025;estimée;;;6;8 739;;;;;;;;;;;;;;
13-10-2025;evt réelle;;;7;8 745;;;;;;;;;;;;;;
14-10-2025;evt réelle;;;8;8 752;;;;;;;;;;;;;;
15-10-2025;evt réelle;;;9;8 760;;;;;;;;;;;;;;
16-10-2025;evt réelle;;;10;8 769;;;;;;;;;;;;;;
17-10-2025;evt réelle;;;11;8 779;;;;;;;;;;;;;;
18-10-2025;estimée;;;8;8 790;;;;;;;;;;;;;;
19-10-2025;evt réelle;;;12;8 798;;;;;;;;;;;;;;
20-10-2025;evt réelle;;;10;8 810;;;;;;;;;;;;;;
21-10-2025;evt réelle;;;6;8 820;;;;;;;;;;;;;;
22-10-2025;estimée;;;12;8 826;;;;;;;;;;;;;;
23-10-2025;evt réelle;;;11;8 838;;;;;;;;;;;;;;
24-10-2025;estimée;;;10;8 849;;;;;;;;;;;;;;
25-10-2025;estimée;;;9;8 859;;;;;;;;;;;;;;
26-10-2025;estimée;;;13;8 868;;;;;;;;;;;;;;
27-10-2025;evt réelle;;;12;8 881;;;;;;;;;;;;;;
28-10-2025;evt réelle;;;11;8 893;;;;;;;;;;;;;;
29-10-2025;evt réelle;;;11;8 904;;;;;;;;;;;;;;
30-10-2025;evt réelle;;;10;8 915;;;;;;;;;;;;;;
31-10-2025;evt réelle;;;7;8 925;;;;;;;;;;;;;;
01-11-2025;evt réelle;;;16;8 932;;;;;;;;;;;;;;
02-11-2025;evt réelle;;;10;8 948;;;;;;;;;;;;;;
03-11-2025;evt réelle;;;12;8 958;;;;;;;;;;;;;;
04-11-2025;evt réelle;;;10;8 970;;;;;;;;;;;;;;
05-11-2025;evt réelle;;;10;8 980;;;;;;;;;;;;;;
06-11-2025;estimée;;;11;8 990;;;;;;;;;;;;;;
07-11-2025;evt réelle;;;11;9 001;;;;;;;;;;;;;;
08-11-2025;evt réelle;;;11;9 012;;;;;;;;;;;;;;
09-11-2025;estimée;;;11;9 023;;;;;;;;;;;;;;
10-11-2025;evt réelle;;;9;9 034;;;;;;;;;;;;;;
11-11-2025;estimée;;;12;9 043;;;;;;;;;;;;;;
12-11-2025;estimée;;;12;9 055;;;;;;;;;;;;;;
13-11-2025;evt réelle;;;7;9 067;;;;;;;;;;;;;;
14-11-2025;evt réelle;;;13;9 074;;;;;;;;;;;;;;
15-11-2025;evt réelle;;;14;9 087;;;;;;;;;;;;;;
16-11-2025;evt réelle;;;11;9 101;;;;;;;;;;;;;;
17-11-2025;evt réelle;;;11;9 112;;;;;;;;;;;;;;
18-11-2025;estimée;;;12;9 123;;;;;;;;;;;;;;
19-11-2025;evt réelle;;;10;9 135;;;;;;;;;;;;;;
20-11-2025;evt réelle;;;11;9 145;;;;;;;;;;;;;;
21-11-2025;evt réelle;;;10;9 156;;;;;;;;;;;;;;
22-11-2025;evt réelle;;;17;9 166;;;;;;;;;;;;;;
23-11-2025;evt réelle;;;13;9 183;;;;;;;;;;;;;;
24-11-2025;evt réelle;;;15;9 196;;;;;;;;;;;;;;
25-11-2025;evt réelle;;;11;9 211;;;;;;;;;;;;;;
26-11-2025;evt réelle;;;15;9 222;;;;;;;;;;;;;;
27-11-2025;evt réelle;;;15;9 237;;;;;;;;;;;;;;
28-11-2025;evt réelle;;;18;9 252;;;;;;;;;;;;;;
29-11-2025;evt réelle;;;13;9 270;;;;;;;;;;;;;;
30-11-2025;evt réelle;;;15;9 283;;;;;;;;;;;;;;
01-12-2025;evt réelle;;;10;9 298;;;;;;;;;;;;;;
02-12-2025;evt réelle;;;13;9 308;;;;;;;;;;;;;;
03-12-2025;evt réelle;;;14;9 321;;;;;;;;;;;;;;
04-12-2025;evt réelle;;;11;9 335;;;;;;;;;;;;;;
05-12-2025;evt réelle;;;15;9 346;;;;;;;;;;;;;;
06-12-2025;evt réelle;;;11;9 361;;;;;;;;;;;;;;
07-12-2025;evt réelle;;;17;9 372;;;;;;;;;;;;;;
08-12-2025;evt réelle;;;11;9 389;;;;;;;;;;;;;;
09-12-2025;evt réelle;;;11;9 400;;;;;;;;;;;;;;
10-12-2025;evt réelle;;;13;9 411;;;;;;;;;;;;;;
11-12-2025;estimée;;;12;9 424;;;;;;;;;;;;;;
12-12-2025;evt réelle;;;17;9 436;;;;;;;;;;;;;;
13-12-2025;evt réelle;;;19;9 453;;;;;;;;;;;;;;
14-12-2025;evt réelle;;;15;9 472;;;;;;;;;;;;;;
15-12-2025;evt réelle;;;13;9 487;;;;;;;;;;;;;;
16-12-2025;evt réelle;;;16;9 500;;;;;;;;;;;;;;
17-12-2025;evt réelle;;;15;9 516;;;;;;;;;;;;;;
18-12-2025;evt réelle;;;13;9 531;;;;;;;;;;;;;;
19-12-2025;estimée;;;14;9 544;;;;;;;;;;;;;;
20-12-2025;estimée;;;13;9 558;;;;;;;;;;;;;;
21-12-2025;estimée;;;16;9 571;;;;;;;;;;;;;;
22-12-2025;evt réelle;;;10;9 587;;;;;;;;;;;;;;
23-12-2025;evt réelle;;;15;9 597;;;;;;;;;;;;;;
24-12-2025;evt réelle;;;13;9 612;;;;;;;;;;;;;;
25-12-2025;estimée;;;12;9 625;;;;;;;;;;;;;;
26-12-2025;evt réelle;;;15;9 637;;;;;;;;;;;;;;
27-12-2025;evt réelle;;;18;9 652;;;;;;;;;;;;;;
28-12-2025;evt réelle;;;16;9 670;;;;;;;;;;;;;;
29-12-2025;estimée;;;12;9 686;;;;;;;;;;;;;;
30-12-2025;evt réelle;;;13;9 698;;;;;;;;;;;;;;
31-12-2025;evt réelle;;;14;9 711;;;;;;;;;;;;;;
01-01-2026;evt réelle;;;15;9 725;;;;;;;;;;;;;;
02-01-2026;evt réelle;;;16;9 740;;;;;;;;;;;;;;
03-01-2026;evt réelle;;;17;9 756;;;;;;;;;;;;;;
04-01-2026;estimée;;;19;9 773;;;;;;;;;;;;;;
05-01-2026;evt réelle;;;13;9 792;;;;;;;;;;;;;;
06-01-2026;estimée;;;14;9 805;;;;;;;;;;;;;;
07-01-2026;evt réelle;;;13;9 819;;;;;;;;;;;;;;
08-01-2026;estimée;;;15;9 832;;;;;;;;;;;;;;
09-01-2026;estimée;;;14;9 847;;;;;;;;;;;;;;
10-01-2026;evt réelle;;;12;9 861;;;;;;;;;;;;;;
11-01-2026;evt réelle;;;17;9 873;;;;;;;;;;;;;;
12-01-2026;estimée;;;14;9 890;;;;;;;;;;;;;;
13-01-2026;evt réelle;;;16;9 904;;;;;;;;;;;;;;
14-01-2026;evt réelle;;;15;9 920;;;;;;;;;;;;;;
15-01-2026;estimée;;;16;9 935;;;;;;;;;;;;;;
16-01-2026;evt réelle;;;17;9 951;;;;;;;;;;;;;;
17-01-2026;estimée;;;18;9 968;;;;;;;;;;;;;;
18-01-2026;evt réelle;;;15;9 986;;;;;;;;;;;;;;
19-01-2026;evt réelle;;;19;10 001;;;;;;;;;;;;;;
20-01-2026;estimée;;;18;10 020;;;;;;;;;;;;;;
21-01-2026;evt réelle;;;17;10 038;;;;;;;;;;;;;;
22-01-2026;evt réelle;;;13;10 055;;;;;;;;;;;;;;
23-01-2026;estimée;;;16;10 068;;;;;;;;;;;;;;
24-01-2026;estimée;;;18;10 084;;;;;;;;;;;;;;
25-01-2026;evt réelle;;;13;10 102;;;;;;;;;;;;;;
26-01-2026;estimée;;;14;10 115;;;;;;;;;;;;;;
27-01-2026;estimée;;;16;10 129;;;;;;;;;;;;;;
28-01-2026;evt réelle;;;14;10 145;;;;;;;;;;;;;;
29-01-2026;estimée;;;13;10 159;;;;;;;;;;;;;;
30-01-2026;estimée;;;14;10 172;;;;;;;;;;;;;;
31-01-2026;estimée;;;15;10 186;;;;;;;;;;;;;;
01-02-2026;estimée;;;19;10 201;;;;;;;;;;;;;;
02-02-2026;estimée;;;13;10 220;;;;;;;;;;;;;;
03-02-2026;evt réelle;;;13;10 233;;;;;;;;;;;;;;
04-02-2026;evt réelle;;;15;10 246;;;;;;;;;;;;;;
05-02-2026;evt réelle;;;14;10 261;;;;;;;;;;;;;;
06-02-2026;estimée;;;15;10 275;;;;;;;;;;;;;;
07-02-2026;evt réelle;;;17;10 290;;;;;;;;;;;;;;
08-02-2026;evt réelle;;;21;10 307;;;;;;;;;;;;;;
09-02-2026;evt réelle;;;12;10 328;;;;;;;;;;;;;;
10-02-2026;evt réelle;;;12;10 340;;;;;;;;;;;;;;
11-02-2026;evt réelle;;;19;10 352;;;;;;;;;;;;;;
12-02-2026;estimée;;;14;10 371;;;;;;;;;;;;;;
13-02-2026;estimée;;;14;10 385;;;;;;;;;;;;;;
14-02-2026;evt réelle;;;15;10 399;;;;;;;;;;;;;;
15-02-2026;evt réelle;;;12;10 414;;;;;;;;;;;;;;
16-02-2026;estimée;;;14;10 426;;;;;;;;;;;;;;
17-02-2026;evt réelle;;;9;10 440;;;;;;;;;;;;;;
18-02-2026;evt réelle;;;14;10 449;;;;;;;;;;;;;;
19-02-2026;evt réelle;;;15;10 463;;;;;;;;;;;;;;
20-02-2026;evt réelle;;;17;10 478;;;;;;;;;;;;;;
21-02-2026;evt réelle;;;18;10 495;;;;;;;;;;;;;;
22-02-2026;evt réelle;;;16;10 513;;;;;;;;;;;;;;
23-02-2026;evt réelle;;;13;10 529;;;;;;;;;;;;;;
24-02-2026;evt réelle;;;16;10 542;;;;;;;;;;;;;;
25-02-2026;estimée;;;12;10 558;;;;;;;;;;;;;;
26-02-2026;evt réelle;;;11;10 570;;;;;;;;;;;;;;
27-02-2026;estimée;;;12;10 581;;;;;;;;;;;;;;
28-02-2026;evt réelle;;;16;10 593;;;;;;;;;;;;;;
01-03-2026;evt réelle;;;16;10 609;;;;;;;;;;;;;;
02-03-2026;evt réelle;;;12;10 625;;;;;;;;;;;;;;
03-03-2026;evt réelle;;;10;10 637;;;;;;;;;;;;;;
04-03-2026;evt réelle;;;13;10 647;;;;;;;;;;;;;;
05-03-2026;estimée;;;12;10 660;;;;;;;;;;;;;;
06-03-2026;evt réelle;;;13;10 672;;;;;;;;;;;;;;
07-03-2026;evt réelle;;;14;10 685;;;;;;;;;;;;;;
08-03-2026;evt réelle;;;12;10 699;;;;;;;;;;;;;;
09-03-2026;estimée;;;15;10 711;;;;;;;;;;;;;;
10-03-2026;estimée;;;9;10 726;;;;;;;;;;;;;;
11-03-2026;estimée;;;12;10 735;;;;;;;;;;;;;;
12-03-2026;evt réelle;;;13;10 747;;;;;;;;;;;;;;
13-03-2026;evt réelle;;;12;10 760;;;;;;;;;;;;;;
14-03-2026;evt réelle;;;14;10 772;;;;;;;;;;;;;;
15-03-2026;evt réelle;;;12;10 786;;;;;;;;;;;;;;
16-03-2026;evt réelle;;;13;10 798;;;;;;;;;;;;;;
17-03-2026;evt réelle;;;15;10 811;;;;;;;;;;;;;;
18-03-2026;estimée;;;13;10 826;;;;;;;;;;;;;;
19-03-2026;evt réelle;;;14;10 839;;;;;;;;;;;;;;
20-03-2026;evt réelle;;;12;10 853;;;;;;;;;;;;;;
21-03-2026;evt réelle;;;12;10 865;;;;;;;;;;;;;;
22-03-2026;evt réelle;;;14;10 877;;;;;;;;;;;;;;
23-03-2026;evt réelle;;;13;10 891;;;;;;;;;;;;;;
24-03-2026;evt réelle;;;13;10 904;;;;;;;;;;;;;;
25-03-2026;estimée;;;11;10 917;;;;;;;;;;;;;;
26-03-2026;estimée;;;11;10 928;;;;;;;;;;;;;;
27-03-2026;estimée;;;14;10 939;;;;;;;;;;;;;;
28-03-2026;evt réelle;;;12;10 953;;;;;;;;;;;;;;
29-03-2026;estimée;;;10;10 965;;;;;;;;;;;;;;
30-03-2026;estimée;;;12;10 975;;;;;;;;;;;;;;
31-03-2026;evt réelle;;;10;10 987;;;;;;;;;;;;;;
01-04-2026;estimée;;;11;10 997;;;;;;;;;;;;;;
02-04-2026;estimée;;;13;11 008;;;;;;;;;;;;;;
03-04-2026;estimée;;;8;11 021;;;;;;;;;;;;;;
04-04-2026;evt réelle;;;12;11 029;;;;;;;;;;;;;;
05-04-2026;evt réelle;;;9;11 041;;;;;;;;;;;;;;
06-04-2026;evt réelle;;;11;11 050;;;;;;;;;;;;;;
07-04-2026;evt réelle;;;13;11 061;;;;;;;;;;;;;;
08-04-2026;estimée;;;14;11 074;;;;;;;;;;;;;;
09-04-2026;evt réelle;;;8;11 088;;;;;;;;;;;;;;
10-04-2026;evt réelle;;;10;11 096;;;;;;;;;;;;;;
11-04-2026;estimée;;;17;11 106;;;;;;;;;;;;;;
12-04-2026;evt réelle;;;12;11 123;;;;;;;;;;;;;;
13-04-2026;evt réelle;;;14;11 135;;;;;;;;;;;;;;
14-04-2026;evt réelle;;;12;11 149;;;;;;;;;;;;;;
15-04-2026;evt réelle;;;9;11 161;;;;;;;;;;;;;;
16-04-2026;estimée;;;9;11 170;;;;;;;;;;;;;;
17-04-2026;evt réelle;;;9;11 179;;;;;;;;;;;;;;
18-04-2026;evt réelle;;;6;11 188;;;;;;;;;;;;;;
19-04-2026;evt réelle;;;13;11 194;;;;;;;;;;;;;;
20-04-2026;evt réelle;;;8;11 207;;;;;;;;;;;;;;
21-04-2026;estimée;;;13;11 215;;;;;;;;;;;;;;
22-04-2026;estimée;;;11;11 228;;;;;;;;;;;;;;
23-04-2026;evt réelle;;;9;11 239;;;;;;;;;;;;;;
24-04-2026;estimée;;;6;11 248;;;;;;;;;;;;;;
25-04-2026;evt réelle;;;13;11 254;;;;;;;;;;;;;;
26-04-2026;evt réelle;;;11;11 267;;;;;;;;;;;;;;
27-04-2026;evt réelle;;;7;11 278;;;;;;;;;;;;;;
28-04-2026;evt réelle;;;15;11 285;;;;;;;;;;;;;;
29-04-2026;evt réelle;;;12;11 300;;;;;;;;;;;;;;
30-04-2026;evt réelle;;;6;11 312;;;;;;;;;;;;;;
01-05-2026;evt réelle;;;7;11 318;;;;;;;;;;;;;;
02-05-2026;estimée;;;10;11 325;;;;;;;;;;;;;;
03-05-2026;estimée;;;13;11 335;;;;;;;;;;;;;;
04-05-2026;evt réelle;;;9;11 348;;;;;;;;;;;;;;
05-05-2026;evt réelle;;;12;11 357;;;;;;;;;;;;;;
06-05-2026;estimée;;;9;11 369;;;;;;;;;;;;;;
07-05-2026;evt réelle;;;7;11 378;;;;;;;;;;;;;;
08-05-2026;evt réelle;;;13;11 385;;;;;;;;;;;;;;
09-05-2026;evt réelle;;;10;11 398;;;;;;;;;;;;;;
10-05-2026;evt réelle;;;10;11 408;;;;;;;;;;;;;;
11-05-2026;evt réelle;;;5;11 418;;;;;;;;;;;;;;
12-05-2026;evt réelle;;;9;11 423;;;;;;;;;;;;;;
13-05-2026;estimée;;;7;11 432;;;;;;;;;;;;;;
14-05-2026;estimée;;;9;11 439;;;;;;;;;;;;;;
15-05-2026;evt réelle;;;7;11 448;;;;;;;;;;;;;;
16-05-2026;evt réelle;;;8;11 455;;;;;;;;;;;;;;
17-05-2026;estimée;;;8;11 463;;;;;;;;;;;;;;
18-05-2026;evt réelle;;;6;11 471;;;;;;;;;;;;;;
19-05-2026;evt réelle;;;10;11 477;;;;;;;;;;;;;;
20-05-2026;evt réelle;;;2;11 487;;;;;;;;;;;;;;
21-05-2026;estimée;;;3;11 489;;;;;;;;;;;;;;
22-05-2026;evt réelle;;;11;11 492;;;;;;;;;;;;;;
23-05-2026;evt réelle;;;3;11 503;;;;;;;;;;;;;;
24-05-2026;evt réelle;;;9;11 506;;;;;;;;;;;;;;
25-05-2026;evt réelle;;;6;11 515;;;;;;;;;;;;;;
26-05-2026;estimée;;;6;11 521;;;;;;;;;;;;;;
27-05-2026;estimée;;;6;11 527;;;;;;;;;;;;;;
28-05-2026;evt réelle;;;2;11 533;;;;;;;;;;;;;;
29-05-2026;evt réelle;;;7;11 535;;;;;;;;;;;;;;
30-05-2026;estimée;;;8;11 542;;;;;;;;;;;;;;
31-05-2026;estimée;;;4;11 550;;;;;;;;;;;;;;
01-06-2026;evt réelle;;;4;11 554;;;;;;;;;;;;;;
02-06-2026;estimée;;;4;11 558;;;;;;;;;;;;;;
03-06-2026;evt réelle;;;3;11 562;;;;;;;;;;;;;;
04-06-2026;evt réelle;;;6;11 565;;;;;;;;;;;;;;
05-06-2026;evt réelle;;;10;11 571;;;;;;;;;;;;;;
06-06-2026;evt réelle;;;7;11 581;;;;;;;;;;;;;;
07-06-2026;estimée;;;7;11 588;;;;;;;;;;;;;;
08-06-2026;estimée;;;6;11 595;;;;;;;;;;;;;;
09-06-2026;evt réelle;;;7;11 601;;;;;;;;;;;;;;
10-06-2026;evt réelle;;;7;11 608;;;;;;;;;;;;;;
11-06-2026;estimée;;;9;11 615;;;;;;;;;;;;;;
12-06-2026;evt réelle;;;3;11 624;;;;;;;;;;;;;;
13-06-2026;estimée;;;5;11 627;;;;;;;;;;;;;;
14-06-2026;evt réelle;;;8;11 632;;;;;;;;;;;;;;
15-06-2026;estimée;;;4;11 640;;;;;;;;;;;;;;
16-06-2026;evt réelle;;;5;11 644;;;;;;;;;;;;;;
17-06-2026;evt réelle;;;6;11 649;;;;;;;;;;;;;;
18-06-2026;estimée;;;5;11 655;;;;;;;;;;;;;;
19-06-2026;estimée;;;6;11 660;;;;;;;;;;;;;;
20-06-2026;evt réelle;;;4;11 666;;;;;;;;;;;;;;
21-06-2026;estimée;;;5;11 670;;;;;;;;;;;;;;
22-06-2026;evt réelle;;;12;11 675;;;;;;;;;;;;;;
23-06-2026;estimée;;;3;11 687;;;;;;;;;;;;;;
24-06-2026;evt réelle;;;7;11 690;;;;;;;;;;;;;;
25-06-2026;evt réelle;;;6;11 697;;;;;;;;;;;;;;
26-06-2026;evt réelle;;;1;11 703;;;;;;;;;;;;;;
27-06-2026;evt réelle;;;10;11 704;;;;;;;;;;;;;;
28-06-2026;evt réelle;;;3;11 714;;;;;;;;;;;;;;
29-06-2026;estimée;;;6;11 717;;;;;;;;;;;;;;
30-06-2026;evt réelle;;;3;11 723;;;;;;;;;;;;;;
01-07-2026;evt réelle;;;3;11 726;;;;;;;;;;;;;;
02-07-2026;estimée;;;2;11 729;;;;;;;;;;;;;;
03-07-2026;evt réelle;;;5;11 731;;;;;;;;;;;;;;
04-07-2026;estimée;;;6;11 736;;;;;;;;;;;;;;
05-07-2026;evt réelle;;;8;11 742;;;;;;;;;;;;;;
06-07-2026;evt réelle;;;5;11 750;;;;;;;;;;;;;;
07-07-2026;evt réelle;;;6;11 755;;;;;;;;;;;;;;
08-07-2026;estimée;;;2;11 761;;;;;;;;;;;;;;
09-07-2026;evt réelle;;;3;11 763;;;;;;;;;;;;;;
10-07-2026;estimée;;;5;11 766;;;;;;;;;;;;;;
11-07-2026;estimée;;;5;11 771;;;;;;;;;;;;;;
12-07-2026;estimée;;;7;11 776;;;;;;;;;;;;;;
13-07-2026;evt réelle;;;1;11 783;;;;;;;;;;;;;;
14-07-2026;estimée;;;4;11 784;;;;;;;;;;;;;;
15-07-2026;estimée;;;4;11 788;;;;;;;;;;;;;;
16-07-2026;estimée;;;2;11 792;;;;;;;;;;;;;;
17-07-2026;evt réelle;;;;11 794;;;;;;;;;;;;;;
